Genero,Edad,Peso,Talla,Comida,IMC
M,45,75,1.75,Verduras,24.489795918
F,45,65,1.65,Verduras,23.875114784
M,25,65,1.70,Verduras,22.491349481
F,25,55,1.65,Chatarra,20.202020202
M,35,78,1.70,Chatarra,26.989619377
F,55,85,1.72,Variada,28.73174689
M,60,85,1.75,Variada,27.755102041
F,50,80,1.60,Variada,31.25
M,15,78,1.67,Variada,27.968016064
F,20,58,1.66,Variada,21.048047612
